position,11x,11y,angle,percentage,polarity
"11,13,15",284,282,175.45976933865535,0.0,1
"11,13,15",284,280,177.09766219844187,0.0,1
"11,13,15",284,279,178.73814913567367,0.0,1
"11,13,15",285,279,181.0744897120386,0.0,1
"11,13,15",286,279,182.30980345253943,0.0,1
"11,13,15",287,279,184.08470361874586,0.0,1
"11,13,15",288,280,186.22968369214422,0.0,1
"11,13,15",289,280,188.2123057116885,0.0,1
"11,13,15",291,280,190.1396035132131,0.0,1
"11,13,15",293,281,192.79721495205297,0.0,1
"11,13,15",294,281,194.9071796468371,0.0,1
"11,13,15",294,281,198.57498711131495,0.0,1
"11,13,15",295,281,202.08670387706414,0.0,1
"11,13,15",296,281,206.35808146620275,0.0,1
"11,13,15",297,282,211.11355451767682,0.0,1
"11,13,15",297,282,216.53344630038228,0.0,1
"11,13,15",297,281,222.06071337494606,2.0607133749460615,1
"11,13,15",298,281,228.8600344116182,8.860034411618187,1
"11,13,15",299,281,236.03962740183601,16.039627401836015,1
"11,13,15",300,281,244.1656130767248,24.16561307672481,1
"11,13,15",301,280,251.60419006278948,31.604190062789485,1
"11,13,15",301,281,257.97759755193636,37.977597551936356,1
"11,13,15",301,281,263.80301986387894,43.803019863878944,1
"11,13,15",301,282,270.6680112168405,50.66801121684051,1
"11,13,15",301,283,279.56126117343797,59.56126117343797,1
"11,13,15",301,283,287.11612898272665,67.11612898272665,1
"11,13,15",300,284,292.79510577858946,72.79510577858946,1
"11,13,15",300,284,297.89727103094765,77.89727103094765,1
"11,13,15",300,285,303.8167718296392,83.81677182963921,1
"11,13,15",300,286,306.24331123021193,86.24331123021193,1
"11,13,15",300,288,308.6008885195914,88.60088851959142,1
"11,13,15",300,288,311.7357162759815,91.73571627598147,1
"11,13,15",300,288,314.2908551561196,94.29085515611962,1
"11,13,15",299,287,316.97900848820143,96.97900848820143,1
"11,13,15",298,287,319.9207071247509,99.92070712475089,1
"11,13,15",297,287,323.98820808359443,100.0,1
"11,13,15",297,286,326.467221947554,100.0,1
"11,13,15",297,286,327.9084922725577,100.0,1
"11,13,15",297,286,328.5547776620881,100.0,1
"11,13,15",297,285,328.9270838310769,100.0,1
"11,13,15",297,283,328.9715202909023,100.0,1
"11,13,15",297,282,328.76491583785713,100.0,1
"11,13,15",297,281,328.6713071321958,100.0,1
"11,13,15",297,280,328.53872737971795,100.0,1
"11,13,15",297,280,328.08166707983094,100.0,1
"11,13,15",297,280,327.26074117309,100.0,1
"11,13,15",297,280,325.3666717407012,100.0,1
"11,13,15",298,281,322.8588247490831,100.0,1
"11,13,15",299,282,320.3347305055139,100.0,1
"11,13,15",300,282,318.3240073732744,98.32400737327441,1
"11,13,15",301,282,316.58711744670705,96.58711744670705,1
"11,13,15",301,285,313.9971056643187,93.99710566431872,1
"11,13,15",301,288,311.0260438453315,91.02604384533151,1
"11,13,15",301,290,307.9786081581819,87.97860815818188,1
"11,13,15",302,291,304.2863991819046,84.28639918190459,1
"11,13,15",302,291,300.0258693074878,80.02586930748782,1
"11,13,15",302,292,294.4277781639872,74.42777816398723,1
"11,13,15",303,292,286.38281333424027,66.38281333424027,1
"11,13,15",304,294,276.9860396966521,56.986039696652085,1
"11,13,15",305,294,269.6827091763444,49.68270917634442,1
"11,13,15",306,294,261.8889517786677,41.88895177866772,1
"11,13,15",306,294,257.7071163385039,37.70711633850391,1
"11,13,15",306,294,253.21433685791484,33.214336857914844,1
"11,13,15",306,294,247.32292841776362,27.32292841776362,1
"11,13,15",305,293,238.46585037377537,18.465850373775368,1
"11,13,15",305,291,232.29013341201286,12.290133412012864,1
"11,13,15",303,291,228.17983011986425,8.17983011986425,1
"11,13,15",302,291,221.85510622855966,1.855106228559663,1
"11,13,15",302,291,216.8404612254564,0.0,1
"11,13,15",301,291,213.11580284759546,0.0,1
"11,13,15",300,290,208.0856003485697,0.0,1
"11,13,15",300,289,203.11269428705637,0.0,1
"11,13,15",299,289,200.23891634012804,0.0,1
"11,13,15",298,288,196.76885824430184,0.0,1
"11,13,15",297,287,193.6195268515597,0.0,1
"11,13,15",296,287,188.7531730168826,0.0,1
"11,13,15",294,288,186.34792710154176,0.0,1
"11,13,15",293,288,184.01172286012365,0.0,1
"11,13,15",292,287,182.83666010112546,0.0,1
"11,13,15",290,285,181.38222304006106,0.0,1
"11,13,15",289,284,180.17972047307472,0.0,1
"11,13,15",288,284,180.07381434337032,0.0,1
"11,13,15",288,283,179.38628334309072,0.0,1
"11,13,15",287,282,179.98603351025244,0.0,1
"11,13,15",287,282,179.29255188885315,0.0,1
"11,13,15",287,282,180.57279984637012,0.0,1
"11,13,15",287,282,181.1434764942213,0.0,1
"11,13,15",287,282,182.0911185969605,0.0,1
"11,13,15",288,283,182.07479990453825,0.0,1
"11,13,15",288,284,182.733228864312,0.0,1
"11,13,15",289,285,182.97077548847903,0.0,1
"11,13,15",289,285,184.93731021325846,0.0,1
"11,13,15",290,285,186.27695766584074,0.0,1
"11,13,15",292,286,189.67794926953448,0.0,1
"11,13,15",293,288,192.20033472598803,0.0,1
"11,13,15",294,290,195.27885512903387,0.0,1
"11,13,15",296,290,198.16483760944007,0.0,1
"11,13,15",297,290,204.0111451041019,0.0,1
"11,13,15",299,291,208.7959599297129,0.0,1
"11,13,15",301,291,214.37839149985558,0.0,1
"11,13,15",302,290,220.40019044498135,0.40019044498134804,1
"11,13,15",302,290,229.45000847315066,9.45000847315066,1
"11,13,15",303,290,241.3177612494237,21.31776124942371,1
"11,13,15",304,290,249.91076536753738,29.91076536753738,1
"11,13,15",305,290,254.00296303193136,34.00296303193136,1
"11,13,15",305,291,260.40418071081706,40.40418071081706,1
"11,13,15",305,291,267.1398609519321,47.13986095193212,1
"11,13,15",306,291,275.06509328201196,55.06509328201196,1
"11,13,15",307,291,280.572259336588,60.57225933658799,1
"11,13,15",307,292,287.6187240213393,67.61872402133929,1
"11,13,15",307,292,292.7644535867204,72.76445358672038,1
"11,13,15",307,292,297.46532840220124,77.46532840220124,1
"11,13,15",308,292,301.0065951306594,81.00659513065938,1
"11,13,15",308,293,305.34047156785977,85.34047156785977,1
"11,13,15",309,295,307.9254629934104,87.9254629934104,1
"11,13,15",309,296,309.3313495466318,89.33134954663183,1
"11,13,15",309,297,311.39431034038677,91.39431034038677,1
"11,13,15",309,297,314.49052571274467,94.49052571274467,1
"11,13,15",308,296,316.9208606303763,96.9208606303763,1
"11,13,15",308,296,319.9360880811838,99.93608808118381,1
"11,13,15",308,294,322.5118585706949,100.0,1
"11,13,15",308,293,325.6722201967406,100.0,1
"11,13,15",308,294,328.8885915575425,100.0,1
"11,13,15",308,294,330.3788347488206,100.0,1
"11,13,15",309,294,332.00104889604745,100.0,1
"11,13,15",309,294,333.96165718836585,100.0,1
"11,13,15",309,291,333.55259912884793,100.0,1
"11,13,15",309,290,332.6874621349323,100.0,1
"11,13,15",309,289,332.7986657199233,100.0,1
"11,13,15",309,289,332.86345212370287,100.0,1
"11,13,15",309,289,332.5607168844483,100.0,1
"11,13,15",309,289,332.1314247239012,100.0,1
"11,13,15",309,289,330.6617122171344,100.0,1
"11,13,15",309,288,329.2341583883392,100.0,1
"11,13,15",309,286,326.6639078544792,100.0,1
"11,13,15",309,286,324.44153525301317,100.0,1
"11,13,15",309,286,322.4361030753785,100.0,1
"11,13,15",309,288,320.34218979577037,100.0,1
"11,13,15",310,291,316.5709949788324,96.5709949788324,1
"11,13,15",313,294,311.9144500431897,91.91445004318967,1
"11,13,15",313,297,309.32684012751787,89.32684012751787,1
"11,13,15",313,300,306.07038284494445,86.07038284494445,1
"11,13,15",313,300,301.06285041718553,81.06285041718553,1
"11,13,15",313,302,293.4409390272599,73.4409390272599,1
"11,13,15",313,301,286.9902210375227,66.9902210375227,1
"11,13,15",314,301,279.27821224154036,59.27821224154036,1
"11,13,15",314,301,271.4533666287212,51.4533666287212,1
"11,13,15",314,301,264.674433976042,44.674433976041996,1
"11,13,15",314,300,260.36853746941335,40.368537469413354,1
"11,13,15",314,299,256.93692365943997,36.93692365943997,1
"11,13,15",314,299,250.58466202124742,30.584662021247425,1
"11,13,15",314,299,239.80998841737855,19.80998841737855,1
"11,13,15",313,300,230.20787358477463,10.207873584774632,1
"11,13,15",312,300,223.45758392839718,3.4575839283971845,1
"11,13,15",311,300,216.9168308784584,0.0,1
"11,13,15",309,300,211.6521162013379,0.0,1
"11,13,15",309,299,206.24316816167928,0.0,1
"11,13,15",308,299,202.19675625524144,0.0,1
"11,13,15",306,299,198.6264951383869,0.0,1
"11,13,15",303,298,196.06280979775235,0.0,1
"11,13,15",300,298,191.18927367025844,0.0,1
"11,13,15",298,298,188.17683751526988,0.0,1
"11,13,15",296,297,186.5148032860267,0.0,1
"11,13,15",295,297,183.4474513929639,0.0,1
"11,13,15",294,296,182.94305166436897,0.0,1
"11,13,15",294,297,180.3659761423672,0.0,1
"11,13,15",293,298,178.89572564222811,0.0,1
"11,13,15",290,299,179.81597866946572,0.0,1
"11,13,15",288,299,178.44378805024436,0.0,1
"11,13,15",288,299,178.75993080690475,0.0,1
"11,13,15",288,299,180.3925800882634,0.0,1
"11,13,15",288,299,181.35719793573145,0.0,1
"11,13,15",288,299,182.37196887011382,0.0,1
"11,13,15",288,300,182.71575076278307,0.0,1
"11,13,15",289,300,182.49898898573352,0.0,1
"11,13,15",289,300,182.76388221647477,0.0,1
"11,13,15",290,299,183.09658923843097,0.0,1
"11,13,15",290,300,184.13348098748014,0.0,1
"11,13,15",290,300,186.78952114907617,0.0,1
"11,13,15",292,301,189.4573773750774,0.0,1
"11,13,15",296,301,191.47139634909536,0.0,1
"11,13,15",297,301,195.70810863063477,0.0,1
"11,13,15",299,302,199.09479011370126,0.0,1
"11,13,15",301,303,204.88644840260415,0.0,1
"11,13,15",303,306,209.32579437592355,0.0,1
"11,13,15",304,306,216.8326121732693,0.0,1
"11,13,15",306,306,221.9365281628474,1.9365281628473952,1
"11,13,15",307,306,231.26482569205254,11.26482569205254,1
"11,13,15",309,306,240.32747922326894,20.327479223268938,1
"11,13,15",310,305,248.13510576920336,28.135105769203363,1
"11,13,15",310,304,255.46884216245957,35.468842162459566,1
"11,13,15",310,304,262.7681844084888,42.76818440848882,1
"11,13,15",310,305,266.31234892015544,46.31234892015544,1
"11,13,15",311,305,272.62066431674634,52.62066431674634,1
"11,13,15",312,305,277.13135629698985,57.13135629698985,1
"11,13,15",311,307,284.642246011697,64.64224601169701,1
"11,13,15",311,309,290.7821544581083,70.78215445810832,1
"11,13,15",311,309,295.7163817487709,75.71638174877091,1
"11,13,15",311,310,299.2656805144733,79.26568051447327,1
"11,13,15",311,310,302.6232343991853,82.62323439918532,1
"11,13,15",311,310,305.8854558601133,85.88545586011332,1
"11,13,15",311,311,307.66395042672036,87.66395042672036,1
"11,13,15",311,311,310.0816192858693,90.0816192858693,1
"11,13,15",311,312,312.3108562916719,92.31085629167188,1
"11,13,15",311,311,314.15747573925955,94.15747573925955,1
"11,13,15",311,311,316.540218493024,96.54021849302399,1
"11,13,15",311,311,317.401799587223,97.40179958722302,1
"11,13,15",311,311,318.6642946468001,98.6642946468001,1
"11,13,15",311,311,320.10310598038325,100.0,1
"11,13,15",311,311,320.74986243800504,100.0,1
"11,13,15",311,310,320.65707070606834,100.0,1
"11,13,15",311,310,320.06727111779446,100.0,1
"11,13,15",311,311,320.01566983361874,100.0,1
"11,13,15",311,312,320.01566983361874,100.0,1
"11,13,15",311,312,319.6362468357274,99.63624683572738,1
"11,13,15",311,312,319.4700456725771,99.4700456725771,1
"11,13,15",311,313,317.26987060013715,97.26987060013715,1
"11,13,15",313,314,312.3826299283328,92.38262992833279,1
"11,13,15",315,315,308.4610379170386,88.4610379170386,1
"11,13,15",315,315,302.12944191123415,82.12944191123415,1
"11,13,15",315,317,295.83620573459325,75.83620573459325,1
"11,13,15",315,317,289.6687077061114,69.66870770611138,1
"11,13,15",315,317,283.2207877374682,63.220787737468186,1
"11,13,15",315,317,272.68212973983987,52.682129739839866,1
"11,13,15",315,317,267.19001801013087,47.19001801013087,1
"11,13,15",315,316,263.9070479571851,43.907047957185114,1
"11,13,15",315,314,249.11203675613172,29.112036756131715,1
"11,13,15",313,314,242.10272896905238,22.10272896905238,1
"11,13,15",311,314,237.44407138942674,17.44407138942674,1
"11,13,15",310,314,228.00433760049356,8.004337600493557,1
"11,13,15",310,314,222.37755401668457,2.37755401668457,1
"11,13,15",308,314,218.2150431464004,0.0,1
"11,13,15",306,314,212.85440194873837,0.0,1
"11,13,15",304,315,207.21443903540745,0.0,1
"11,13,15",302,316,204.52110433386227,0.0,1
"11,13,15",302,318,198.54356086590158,0.0,1
"11,13,15",299,319,193.23763837209916,0.0,1
"11,13,15",297,319,189.42649862775383,0.0,1
"11,13,15",293,319,188.40106618660212,0.0,1
"11,13,15",291,318,186.51808887024274,0.0,1
"11,13,15",288,318,185.14104030861344,0.0,1
"11,13,15",287,318,183.12838532328527,0.0,1
"11,13,15",287,318,181.56998242084543,0.0,1
"11,13,15",286,318,180.1961715509342,0.0,1
"11,13,15",286,317,180.17664862645265,0.0,1
"11,13,15",286,317,180.73762367779096,0.0,1
"11,13,15",286,318,180.0057868679243,0.0,1
"11,13,15",286,318,180.9775122411562,0.0,1
"11,13,15",286,318,180.97421006817638,0.0,1
"11,13,15",286,318,181.2841932268,0.0,1
"11,13,15",286,318,181.899624675745,0.0,1
"11,13,15",287,319,182.62200734310434,0.0,1
"11,13,15",288,320,182.30426387260414,0.0,1
"11,13,15",290,320,182.63736284175351,0.0,1
"11,13,15",291,320,185.42548087024088,0.0,1
"11,13,15",294,320,185.7922958919094,0.0,1
"11,13,15",297,321,186.10468487692887,0.0,1
"11,13,15",298,321,185.8454892879643,0.0,1
"11,13,15",300,321,186.54378856565597,0.0,1
"11,13,15",301,321,186.97442075471676,0.0,1
"11,13,15",302,321,187.91786138574517,0.0,1
"11,13,15",303,321,187.6343539637206,0.0,1
"11,13,15",303,321,185.85510602362137,0.0,1
"11,13,15",303,321,185.95716005611447,0.0,1
"11,13,15",304,321,185.967452469907,0.0,1
"11,13,15",303,320,185.96358593666432,0.0,1
"11,13,15",303,320,185.25724401871022,0.0,1
"11,13,15",304,320,186.42479476524252,0.0,1
"11,13,15",305,320,185.41595258464534,0.0,1
"11,13,15",305,320,185.78755987903523,0.0,1
"11,13,15",305,320,185.3460548310168,0.0,1
"11,13,15",305,320,184.98594622171237,0.0,1
"11,13,15",306,321,183.37893253513383,0.0,1
"11,13,15",306,321,182.51579941086698,0.0,1
"11,13,15",305,321,182.51252176402915,0.0,1
"11,13,15",305,321,182.72924848580388,0.0,1
"11,13,15",305,321,182.98665286547498,0.0,1
"11,13,15",305,321,181.97994924013867,0.0,1
"11,13,15",305,321,181.3297849882488,0.0,1
"11,13,15",305,321,180.34899407886473,0.0,1
"11,13,15",305,321,179.36200550271022,0.0,1
"11,13,15",305,321,178.3693513308099,0.0,1
"11,13,15",305,321,178.35505423655422,0.0,1
"11,13,15",305,321,177.82024400825847,0.0,1
"11,13,15",305,321,178.22767372536822,0.0,1
"11,13,15",305,321,178.54729982388525,0.0,1
"11,13,15",305,321,179.50979269977535,0.0,1
"11,13,15",305,321,179.73719414584139,0.0,1
"11,13,15",305,321,179.32439081075972,0.0,1
"11,13,15",305,321,179.32647426984354,0.0,1
"11,13,15",305,321,179.12037051208574,0.0,1
"11,13,15",306,322,179.44881892319583,0.0,1
"11,13,15",306,322,179.44881892319583,0.0,1
"11,13,15",305,322,179.837720091663,0.0,1
"11,13,15",305,322,180.24875001242842,0.0,1
"11,13,15",305,322,180.24875001242842,0.0,1
"11,13,15",304,322,180.4759964061854,0.0,1
"11,13,15",303,322,181.03451736411546,0.0,1
"11,13,15",303,322,180.9984747313065,0.0,1
"11,13,15",303,322,181.0424880464793,0.0,1
"11,13,15",303,322,181.0424880464793,0.0,1
"11,13,15",303,322,181.0424880464793,0.0,1
"11,13,15",303,322,180.9984747313065,0.0,1
"11,13,15",303,323,180.96203697328687,0.0,1
"11,13,15",304,323,181.24371185685118,0.0,1
"11,13,15",304,323,180.9984747313065,0.0,1
"11,13,15",304,323,180.95496135255638,0.0,1
"11,13,15",304,323,180.95496135255638,0.0,1
"11,13,15",304,323,180.95496135255638,0.0,1
"11,13,15",304,323,180.95496135255638,0.0,1
"11,13,15",304,323,180.87550173168097,0.0,1
"11,13,15",304,323,181.28014961487077,0.0,1
"11,13,15",304,323,181.24371185685118,0.0,1
"11,13,15",303,322,181.54786732470959,0.0,1
"11,13,15",303,322,181.89347419126517,0.0,1
"11,13,15",303,322,181.92580910958804,0.0,1
"11,13,15",304,322,181.97274919675374,0.0,1
"11,13,15",304,322,182.23458534178664,0.0,1
"11,13,15",304,322,182.26623034338704,0.0,1
"11,13,15",305,323,182.00602200341595,0.0,1
"11,13,15",305,323,182.4097040580822,0.0,1
"11,13,15",305,323,182.9001702076887,0.0,1
"11,13,15",305,323,182.89180139953024,0.0,1
"11,13,15",306,323,182.91541134836697,0.0,1
"11,13,15",307,323,182.61338988164883,0.0,1
"11,13,15",307,324,182.99612152696622,0.0,1
"11,13,15",308,324,183.02101403866212,0.0,1
"11,13,15",309,324,182.71979072466277,0.0,1
"11,13,15",311,325,181.9134168983637,0.0,1
"11,13,15",312,325,181.61040610993788,0.0,1
"11,13,15",313,325,181.20242038793492,0.0,1
"11,13,15",313,325,181.0970973136932,0.0,1
"11,13,15",313,325,180.99189170732294,0.0,1
"11,13,15",313,325,180.67413988922783,0.0,1
"11,13,15",313,325,180.87356553714363,0.0,1
"11,13,15",314,325,180.24862594295413,0.0,1
"11,13,15",314,325,181.17376080232194,0.0,1
"11,13,15",314,325,181.38411819068423,0.0,1
"11,13,15",314,325,181.69286844046525,0.0,1
"11,13,15",314,325,182.25960324896812,0.0,1
"11,13,15",313,325,182.25982682654904,0.0,1
"11,13,15",313,325,182.51855879505797,0.0,1
"11,13,15",312,325,182.5563317049979,0.0,1
"11,13,15",312,326,181.85643332264593,0.0,1
"11,13,15",312,326,181.8109805322145,0.0,1
"11,13,15",311,326,182.12184773789136,0.0,1
"11,13,15",311,326,182.12184773789136,0.0,1
"11,13,15",310,326,182.43308607667944,0.0,1
"11,13,15",310,325,182.46542099500235,0.0,1
"11,13,15",310,325,182.46542099500235,0.0,1
"11,13,15",311,325,182.46202200816762,0.0,1
"11,13,15",311,325,182.46202200816762,0.0,1
"11,13,15",311,325,182.54271436086339,0.0,1
"11,13,15",311,325,182.84999076048197,0.0,1
"11,13,15",311,326,183.2075340158513,0.0,1
"11,13,15",312,327,182.73251700837167,0.0,1
"11,13,15",312,328,183.04357350567992,0.0,1
"11,13,15",314,328,182.38006374206805,0.0,1
"11,13,15",315,328,181.98141942961934,0.0,1
"11,13,15",316,328,181.67589796932032,0.0,1
"11,13,15",316,329,181.42379137276774,0.0,1
"11,13,15",317,329,181.0726452673948,0.0,1
"11,13,15",318,329,180.82595191733537,0.0,1
"11,13,15",319,329,180.57390666844324,0.0,1
"11,13,15",320,329,180.26769498731682,0.0,1
"11,13,15",322,329,180.1109038624854,0.0,1
"11,13,15",323,329,180.05515173800225,0.0,1
"11,13,15",324,329,179.43641922667885,0.0,1
"11,13,15",324,329,179.2194800675154,0.0,1
"11,13,15",324,329,178.9111206382642,0.0,1
"11,13,15",324,329,178.33926375992044,0.0,1
"11,13,15",324,328,177.98463421599044,0.0,1
"11,13,15",324,328,177.9334419753304,0.0,1
"11,13,15",324,328,177.57342550913458,0.0,1
"11,13,15",324,327,177.62873874738546,0.0,1
"11,13,15",323,328,177.66701769803015,0.0,1
"11,13,15",322,328,177.70242101748119,0.0,1
"11,13,15",321,328,177.957423916254,0.0,1
"11,13,15",321,328,177.67343876808212,0.0,1
"11,13,15",319,327,177.96651706320355,0.0,1
"11,13,15",316,327,178.9313036012035,0.0,1
"11,13,15",313,327,178.99768506013004,0.0,1
"11,13,15",311,327,179.36721454255022,0.0,1
"11,13,15",310,327,179.70794480472605,0.0,1
"11,13,15",310,327,179.07663148628023,0.0,1
"11,13,15",309,327,179.05562093367854,0.0,1
"11,13,15",307,327,179.6849521045528,0.0,1
"11,13,15",306,327,178.72204603614767,0.0,1
"11,13,15",306,326,178.74625210970248,0.0,1
"11,13,15",305,325,179.3953583258734,0.0,1
"11,13,15",304,325,179.70699524828044,0.0,1
"11,13,15",304,325,180.02055453885384,0.0,1
"11,13,15",304,326,179.7296982887556,0.0,1
"11,13,15",302,326,181.3424224142969,0.0,1
"11,13,15",302,328,181.38736095130147,0.0,1
"11,13,15",302,329,181.19177759477438,0.0,1
"11,13,15",302,331,182.20654157202924,0.0,1
"11,13,15",303,333,182.32055169910456,0.0,1
"11,13,15",303,333,183.31554079407158,0.0,1
"11,13,15",304,334,182.70710212833362,0.0,1
"11,13,15",304,334,182.5553462540237,0.0,1
"11,13,15",305,335,183.54241058260916,0.0,1
"11,13,15",308,338,183.1749675399291,0.0,1
"11,13,15",309,339,184.8003006447572,0.0,1
"11,13,15",311,339,188.37814947031922,0.0,1
"11,13,15",313,339,190.29709973934163,0.0,1
"11,13,15",315,339,194.42238613327862,0.0,1
"11,13,15",316,340,200.11963314081828,0.0,1
"11,13,15",317,340,205.70421050483586,0.0,1
"11,13,15",320,339,210.25944387730493,0.0,1
"11,13,15",322,338,218.35488028927304,0.0,1
"11,13,15",323,338,230.19472513242468,10.19472513242468,1
"11,13,15",323,338,240.9794155992263,20.979415599226286,1
"11,13,15",323,336,246.52664124684637,26.526641246846367,1
"11,13,15",323,333,253.80105681890325,33.80105681890325,1
"11,13,15",323,332,264.00286052953845,44.00286052953845,1
"11,13,15",324,332,274.5707642357234,54.5707642357234,1
"11,13,15",325,332,281.05230296735795,61.052302967357946,1
"11,13,15",326,332,285.80686473355723,65.80686473355723,1
"11,13,15",326,332,290.4866697429404,70.48666974294042,1
"11,13,15",327,332,294.60583965493686,74.60583965493686,1
"11,13,15",327,333,297.99318198097956,77.99318198097956,1
"11,13,15",327,333,300.037987040074,80.03798704007397,1
"11,13,15",328,333,301.48287514042875,81.48287514042875,1
"11,13,15",327,332,304.18374799930075,84.18374799930075,1
"11,13,15",326,331,305.8778733491973,85.87787334919727,1
"11,13,15",326,331,308.73565885027335,88.73565885027335,1
"11,13,15",326,330,311.27574215345027,91.27574215345027,1
"11,13,15",325,328,314.3704013915897,94.37040139158972,1
"11,13,15",324,327,317.2629514805957,97.26295148059569,1
"11,13,15",323,327,320.1159873027628,100.0,1
"11,13,15",322,326,322.8639616088962,100.0,1
"11,13,15",321,326,323.808160148528,100.0,1
"11,13,15",321,326,325.55553947204675,100.0,1
"11,13,15",322,327,327.48949048103043,100.0,1
"11,13,15",322,327,328.4644185197229,100.0,1
"11,13,15",322,327,328.9005211275981,100.0,1
"11,13,15",322,328,329.0946784765011,100.0,1
"11,13,15",323,328,328.3894935428862,100.0,1
"11,13,15",323,328,328.4342743830035,100.0,1
"11,13,15",323,328,328.24395978607413,100.0,1
"11,13,15",323,328,328.2669168587659,100.0,1
"11,13,15",322,329,327.8551281074541,100.0,1
"11,13,15",321,329,326.20805077742034,100.0,1
"11,13,15",320,329,324.7491485006312,100.0,1
"11,13,15",319,329,322.29136486711303,100.0,1
"11,13,15",319,329,319.75681507578014,99.75681507578014,1
"11,13,15",317,329,316.68123427031134,96.68123427031134,1
"11,13,15",315,331,311.91366102294865,91.91366102294865,1
"11,13,15",315,336,307.0693293244048,87.0693293244048,1
"11,13,15",313,337,304.12736058775147,84.12736058775147,1
"11,13,15",312,337,299.5178265233254,79.51782652332543,1
"11,13,15",310,337,295.45722950814974,75.45722950814974,1
"11,13,15",309,337,290.6760293975028,70.67602939750282,1
"11,13,15",309,337,284.6644614884111,64.66446148841112,1
"11,13,15",307,335,278.2794556281596,58.27945562815961,1
"11,13,15",307,335,270.6432523082221,50.64325230822209,1
"11,13,15",306,334,263.1124922276948,43.112492227694815,1
"11,13,15",305,334,257.11517504486926,37.11517504486926,1
"11,13,15",305,334,249.28808840202888,29.288088402028876,1
"11,13,15",305,334,238.83971941666348,18.839719416663485,1
"11,13,15",305,334,233.286974756122,13.286974756121992,1
"11,13,15",305,334,224.20012093674572,4.200120936745719,1
"11,13,15",305,332,218.13343116044848,0.0,1
"11,13,15",305,331,210.94622033146715,0.0,1
"11,13,15",304,330,204.02553051729168,0.0,1
"11,13,15",303,330,198.57925618149667,0.0,1
"11,13,15",302,329,192.40441134496032,0.0,1
"11,13,15",301,329,188.30013884714052,0.0,1
"11,13,15",299,329,185.9351712309518,0.0,1
"11,13,15",297,329,182.62131016086227,0.0,1
"11,13,15",296,328,179.89350239120913,0.0,1
"11,13,15",296,328,177.50469881822448,0.0,1
"11,13,15",295,326,177.02639784359573,0.0,1
"11,13,15",294,325,177.18252190666868,0.0,1
"11,13,15",293,325,176.5825543198721,0.0,1
"11,13,15",293,323,177.99099963429947,0.0,1
"11,13,15",293,323,178.77593859265585,0.0,1
"11,13,15",293,322,179.72115071245477,0.0,1
"11,13,15",293,321,180.3704346547809,0.0,1
"11,13,15",293,321,180.709386987161,0.0,1
"11,13,15",293,323,182.21630029216817,0.0,1
"11,13,15",294,323,182.3334379568378,0.0,1
"11,13,15",294,323,182.65056668577296,0.0,1
"11,13,15",295,323,182.7341682436126,0.0,1
"11,13,15",296,324,182.71643691452468,0.0,1
"11,13,15",296,325,183.3718142787701,0.0,1
"11,13,15",297,326,184.05208634107655,0.0,1
"11,13,15",298,326,185.14306905128822,0.0,1
"11,13,15",299,327,185.49920070288755,0.0,1
"11,13,15",299,327,185.9061411137705,0.0,1
"11,13,15",299,326,184.7414331923335,0.0,1
"11,13,15",299,326,185.0086459842434,0.0,1
"11,13,15",299,325,184.55933815568505,0.0,1
"11,13,15",299,324,184.0364072101883,0.0,1
"11,13,15",299,324,184.0364072101883,0.0,1
"11,13,15",299,324,184.0364072101883,0.0,1
"11,13,15",299,323,184.09840854210674,0.0,1
"11,13,15",299,323,183.69968932142717,0.0,1
"11,13,15",299,323,183.08936905080301,0.0,1
"11,13,15",298,321,182.16050045248613,0.0,1
"11,13,15",298,320,181.3056606572691,0.0,1
"11,13,15",297,320,181.36568119397887,0.0,1
"11,13,15",297,320,180.96458793490606,0.0,1
"11,13,15",296,322,181.25927386369736,0.0,1
"11,13,15",296,322,182.4111933016389,0.0,1
"11,13,15",296,322,183.01879266437408,0.0,1
"11,13,15",296,322,183.32342176028897,0.0,1
"11,13,15",295,322,183.2464012981221,0.0,1
"11,13,15",294,321,183.59863863228463,0.0,1
"11,13,15",293,321,183.90322444414622,0.0,1
"11,13,15",292,321,184.14076235248208,0.0,1
"11,13,15",292,321,184.18367311376844,0.0,1
"11,13,15",291,321,184.48760486397083,0.0,1
"11,13,15",291,321,184.48760486397083,0.0,1
"11,13,15",290,321,184.79197297603454,0.0,1
"11,13,15",290,321,184.79197297603454,0.0,1
"11,13,15",290,321,184.81977245222689,0.0,1
"11,13,15",290,320,184.9277616466838,0.0,1
"11,13,15",290,320,184.8880372854641,0.0,1
"11,13,15",290,320,184.47204323248502,0.0,1
"11,13,15",290,320,185.1673723247226,0.0,1
"11,13,15",290,320,185.125157411262,0.0,1
"11,13,15",290,319,185.1673723247226,0.0,1
"11,13,15",290,319,185.1673723247226,0.0,1
"11,13,15",290,319,185.1673723247226,0.0,1
"11,13,15",290,319,185.1673723247226,0.0,1
"11,13,15",291,320,184.74489920545653,0.0,1
"11,13,15",291,320,184.12509142069447,0.0,1
"11,13,15",292,320,182.57795969259152,0.0,1
"11,13,15",293,320,182.27174801146506,0.0,1
"11,13,15",294,319,182.2058478309448,0.0,1
"11,13,15",295,319,182.08827121877295,0.0,1
"11,13,15",295,319,182.7058800115795,0.0,1
"11,13,15",295,319,182.7058800115795,0.0,1
"11,13,15",295,319,182.28025625701395,0.0,1
"11,13,15",294,318,182.70444093330664,0.0,1
"11,13,15",294,318,182.39394052929387,0.0,1
"11,13,15",293,318,182.50115189813025,0.0,1
"11,13,15",293,318,182.1876545232006,0.0,1
"11,13,15",292,317,181.91192128137354,0.0,1
"11,13,15",292,317,181.6524051821042,0.0,1
"11,13,15",290,317,181.94844136048724,0.0,1
"11,13,15",288,317,182.19316052169629,0.0,1
"11,13,15",287,317,181.8665788178812,0.0,1
"11,13,15",286,317,181.8570803072668,0.0,1
"11,13,15",286,317,181.17553501683696,0.0,1
"11,13,15",285,316,180.88172437886706,0.0,1
"11,13,15",285,316,180.2433074774127,0.0,1
"11,13,15",284,316,179.60327900383976,0.0,1
"11,13,15",284,315,179.3159813299747,0.0,1
"11,13,15",283,314,179.653592679813,0.0,1
"11,13,15",283,314,179.02798509573378,0.0,1
"11,13,15",282,313,179.02798509573378,0.0,1
"11,13,15",281,313,178.7341350822621,0.0,1
"11,13,15",280,313,179.3913838510771,0.0,1
"11,13,15",279,313,179.6667153867176,0.0,1
"11,13,15",278,313,179.9736748665354,0.0,1
"11,13,15",278,313,180.29819356398502,0.0,1
"11,13,15",278,314,180.32988061146278,0.0,1
"11,13,15",278,314,181.00954366045337,0.0,1
"11,13,15",277,314,181.64038049215338,0.0,1
"11,13,15",277,314,182.37238631760013,0.0,1
"11,13,15",277,315,183.72235388516336,0.0,1
"11,13,15",276,316,185.61487781096733,0.0,1
"11,13,15",275,316,187.00761166828875,0.0,1
"11,13,15",276,316,189.72013554342664,0.0,1
"11,13,15",276,317,191.37628060041854,0.0,1
"11,13,15",278,316,193.1291663203487,0.0,1
"11,13,15",280,316,197.21488100701166,0.0,1
"11,13,15",281,316,203.0642685371586,0.0,1
"11,13,15",286,316,207.27639850334148,0.0,1
"11,13,15",288,316,211.0810322417577,0.0,1
"11,13,15",290,314,218.78574366528434,0.0,1
"11,13,15",293,314,227.67891505433917,7.678915054339171,1
"11,13,15",294,314,240.2170989478464,20.21709894784641,1
"11,13,15",294,314,249.03795755516035,29.037957555160347,1
"11,13,15",295,314,254.67103938873964,34.67103938873964,1
"11,13,15",296,314,263.6256559600612,43.62565596006118,1
"11,13,15",295,314,270.38367714660217,50.38367714660217,1
"11,13,15",295,314,279.93145078311545,59.93145078311545,1
"11,13,15",296,314,285.6944627230424,65.69446272304242,1
"11,13,15",297,315,289.2742370782484,69.2742370782484,1
"11,13,15",299,318,292.83800286470137,72.83800286470137,1
"11,13,15",300,318,296.34416937262245,76.34416937262245,1
"11,13,15",301,319,299.63988034628846,79.63988034628846,1
"11,13,15",301,319,303.57051469059024,83.57051469059024,1
"11,13,15",301,318,304.4580319180813,84.4580319180813,1
"11,13,15",301,316,307.7509118925629,87.7509118925629,1
"11,13,15",303,312,310.8724082974883,90.87240829748828,1
"11,13,15",303,308,313.3616316387645,93.36163163876449,1
"11,13,15",304,308,316.963408407525,96.96340840752498,1
"11,13,15",305,306,319.5363952096533,99.53639520965328,1
"11,13,15",305,305,322.1014953473079,100.0,1
"11,13,15",305,305,324.4188782754868,100.0,1
"11,13,15",305,305,326.53549642208606,100.0,1
"11,13,15",305,305,328.79613830808256,100.0,1
"11,13,15",305,305,333.84034838424043,100.0,1
"11,13,15",304,305,334.4592775461058,100.0,1
"11,13,15",304,306,333.87128065862544,100.0,1
"11,13,15",305,308,334.37578465111727,100.0,1
"11,13,15",305,310,333.5123232249251,100.0,1
"11,13,15",306,312,331.65198317238185,100.0,1
"11,13,15",307,312,330.47915323567884,100.0,1
"11,13,15",307,311,329.009385024089,100.0,1
"11,13,15",308,312,327.3618446910627,100.0,1
"11,13,15",310,313,324.20220318274943,100.0,1
"11,13,15",310,316,320.39252059016053,100.0,1
"11,13,15",310,318,315.7134480216663,95.7134480216663,1
"11,13,15",310,319,311.7966827694819,91.79668276948189,1
"11,13,15",310,322,308.2127195394713,88.21271953947132,1
"11,13,15",311,322,305.18946925494504,85.18946925494504,1
"11,13,15",312,322,300.84076232761834,80.84076232761834,1
"11,13,15",312,323,295.160825748437,75.16082574843699,1
"11,13,15",312,323,289.2923704377419,69.29237043774191,1
"11,13,15",312,324,283.76422944035664,63.764229440356644,1
"11,13,15",312,323,277.32396618254916,57.32396618254916,1
"11,13,15",312,323,269.3812561917657,49.381256191765715,1
"11,13,15",311,321,264.6827843125048,44.68278431250479,1
"11,13,15",311,321,258.242890034129,38.242890034129005,1
"11,13,15",311,321,251.29346066008884,31.29346066008884,1
"11,13,15",310,321,246.86130648612584,26.86130648612584,1
"11,13,15",310,322,239.96177883518322,19.961778835183225,1
"11,13,15",310,321,232.38274954301875,12.382749543018747,1
"11,13,15",310,322,227.579681040153,7.579681040152991,1
"11,13,15",310,322,220.17534398190003,0.17534398190002776,1
"11,13,15",310,322,215.1880316556152,0.0,1
"11,13,15",309,321,209.34101666174217,0.0,1
"11,13,15",309,322,202.68694701690572,0.0,1
"11,13,15",308,322,198.11911611640602,0.0,1
"11,13,15",307,322,194.33789708908802,0.0,1
"11,13,15",306,322,190.80651139714783,0.0,1
"11,13,15",304,321,187.4557965654181,0.0,1
"11,13,15",300,320,184.67001351860097,0.0,1
"11,13,15",299,319,182.6039964720839,0.0,1
"11,13,15",298,318,180.8717294355969,0.0,1
"11,13,15",297,318,179.61708304327755,0.0,1
"11,13,15",297,318,179.94912904832773,0.0,1
"11,13,15",297,318,180.18650904016405,0.0,1
"11,13,15",297,318,180.2143364309192,0.0,1
"11,13,15",297,318,180.5194193250005,0.0,1
"11,13,15",297,318,180.4827493159285,0.0,1
"11,13,15",299,318,180.87268871543156,0.0,1
"11,13,15",300,318,181.22933448647788,0.0,1
"11,13,15",301,318,181.91630132038125,0.0,1
"11,13,15",301,319,182.7788702416134,0.0,1
"11,13,15",301,319,183.8459978999243,0.0,1
"11,13,15",302,320,183.99708114394213,0.0,1
"11,13,15",303,320,184.19633100610153,0.0,1
"11,13,15",305,321,184.10068232239317,0.0,1
"11,13,15",307,321,183.79555797963468,0.0,1
"11,13,15",308,321,184.01349431662322,0.0,1
"11,13,15",309,321,184.03043981367972,0.0,1
"11,13,15",309,321,184.35726818311142,0.0,1
"11,13,15",310,321,184.1906262978245,0.0,1
"11,13,15",310,321,183.47490422246995,0.0,1
"11,13,15",310,321,182.83020469217436,0.0,1
"11,13,15",310,321,182.83020469217436,0.0,1
"11,13,15",310,321,182.83020469217436,0.0,1
"11,13,15",310,321,182.83020469217436,0.0,1
"11,13,15",311,321,182.50702483470548,0.0,1
"11,13,15",311,321,182.09600368915858,0.0,1
"11,13,15",311,321,181.20639298508573,0.0,1
"11,13,15",311,322,180.87044901348568,0.0,1
"11,13,15",311,322,180.21095837541066,0.0,1
"11,13,15",310,321,181.2365048695732,0.0,1
"11,13,15",309,321,180.95856940357356,0.0,1
"11,13,15",308,320,180.87075959852032,0.0,1
"11,13,15",308,320,181.5203276312447,0.0,1
"11,13,15",308,320,181.18928100804249,0.0,1
"11,13,15",308,320,181.25160283717975,0.0,1
"11,13,15",308,321,181.43659563968487,0.0,1
"11,13,15",308,321,181.56911871652252,0.0,1
"11,13,15",308,321,181.88730342063343,0.0,1
"11,13,15",308,321,181.9600445320127,0.0,1
"11,13,15",309,321,181.64185982790173,0.0,1
"11,13,15",308,321,182.6117557243025,0.0,1
"11,13,15",309,321,182.1594454528679,0.0,1
"11,13,15",309,321,182.8101974601819,0.0,1
"11,13,15",309,321,182.73468804903536,0.0,1
"11,13,15",309,321,182.73468804903536,0.0,1
"11,13,15",310,321,183.06222423587514,0.0,1
"11,13,15",311,321,182.33947717748157,0.0,1
"11,13,15",313,321,182.34535174781928,0.0,1
"11,13,15",313,321,182.0195782955123,0.0,1
"11,13,15",315,321,181.30803325422525,0.0,1
"11,13,15",316,321,180.9902267134334,0.0,1
"11,13,15",317,320,180.74051391541175,0.0,1
"11,13,15",317,320,180.74051391541175,0.0,1
"11,13,15",318,320,180.98984123419538,0.0,1
"11,13,15",318,320,180.66754037860244,0.0,1
"11,13,15",318,319,180.59538426835957,0.0,1
"11,13,15",318,319,180.20434420077515,0.0,1
"11,13,15",318,319,180.20434420077515,0.0,1
"11,13,15",318,319,180.51975058305703,0.0,1
"11,13,15",318,318,180.51541533776862,0.0,1
"11,13,15",318,317,181.03050226034318,0.0,1
"11,13,15",317,317,180.894736898035,0.0,1
"11,13,15",316,316,181.58830362944374,0.0,1
"11,13,15",315,316,181.57212737305937,0.0,1
"11,13,15",314,316,181.49474352908814,0.0,1
"11,13,15",313,316,181.11262789836894,0.0,1
"11,13,15",312,316,181.42870239109075,0.0,1
"11,13,15",310,316,181.74296248097065,0.0,1
"11,13,15",309,316,181.8370563975995,0.0,1
"11,13,15",309,316,181.97568206591978,0.0,1
"11,13,15",308,316,181.69294297053403,0.0,1
"11,13,15",306,316,181.67943479552548,0.0,1
"11,13,15",305,316,181.44292715277706,0.0,1
"11,13,15",304,316,181.21218631883005,0.0,1
"11,13,15",303,316,181.17281484139042,0.0,1
"11,13,15",302,316,180.97563359974905,0.0,1
"11,13,15",301,317,181.68551468750093,0.0,1
"11,13,15",301,317,181.68551468750093,0.0,1
"11,13,15",301,318,182.20281611948033,0.0,1
"11,13,15",300,319,182.50522328019125,0.0,1
"11,13,15",300,320,183.82532786983722,0.0,1
"11,13,15",300,321,185.60644380711415,0.0,1
"11,13,15",300,321,187.7086801710903,0.0,1
"11,13,15",300,320,190.46137200124596,0.0,1
"11,13,15",301,320,193.2175442416492,0.0,1
"11,13,15",301,319,197.90209284831016,0.0,1
"11,13,15",303,319,201.0008282016219,0.0,1
"11,13,15",305,318,206.73964703544266,0.0,1
"11,13,15",309,317,210.1633286154969,0.0,1
"11,13,15",313,317,215.3857177160479,0.0,1
"11,13,15",314,317,223.8385847159602,3.838584715960195,1
"11,13,15",315,317,232.31137253354663,12.311372533546631,1
"11,13,15",315,317,240.5556655927287,20.5556655927287,1
"11,13,15",315,317,247.5619282634827,27.561928263482713,1
"11,13,15",315,317,255.02227947044835,35.02227947044835,1
"11,13,15",317,317,263.7684126664403,43.76841266644033,1
"11,13,15",318,319,270.49550963254455,50.495509632544554,1
"11,13,15",319,319,276.02272426045806,56.02272426045806,1
"11,13,15",319,321,283.3908040726626,63.390804072662604,1
"11,13,15",321,322,285.72388454647876,65.72388454647876,1
"11,13,15",321,322,289.3156134831182,69.31561348311823,1
"11,13,15",322,323,291.79868029281073,71.79868029281073,1
"11,13,15",322,323,294.6708945271454,74.67089452714538,1
"11,13,15",321,324,297.726293085392,77.726293085392,1
"11,13,15",322,325,300.3198936712536,80.31989367125362,1
"11,13,15",322,325,302.5702192178221,82.57021921782211,1
"11,13,15",322,325,304.8031051709702,84.80310517097018,1
"11,13,15",321,325,307.20127869906287,87.20127869906287,1
"11,13,15",321,323,309.6504534273712,89.65045342737119,1
"11,13,15",320,322,312.00034469350396,92.00034469350396,1
"11,13,15",320,321,313.51031955263846,93.51031955263846,1
"11,13,15",319,321,316.6584345352842,96.65843453528419,1
"11,13,15",318,320,317.6752037490792,97.67520374907917,1
"11,13,15",318,319,319.4277406340492,99.4277406340492,1
"11,13,15",318,319,321.47567380741134,100.0,1
"11,13,15",317,319,322.0120051343341,100.0,1
"11,13,15",316,318,323.32960794901646,100.0,1
"11,13,15",315,317,324.7260323242213,100.0,1
"11,13,15",315,317,327.18777429454093,100.0,1
"11,13,15",315,317,327.4728117332601,100.0,1
"11,13,15",315,316,327.11001110890743,100.0,1
"11,13,15",315,316,326.6752486941495,100.0,1
"11,13,15",315,317,326.5787596998873,100.0,1
"11,13,15",314,318,323.8231626568672,100.0,1
"11,13,15",314,319,319.3560551247917,99.35605512479168,1
"11,13,15",313,319,314.8784489468714,94.8784489468714,1
"11,13,15",312,321,311.07024489892575,91.07024489892575,1
"11,13,15",312,326,306.957086915931,86.95708691593097,1
"11,13,15",311,331,303.91958986460816,83.91958986460816,1
"11,13,15",311,334,300.093179617601,80.09317961760098,1
"11,13,15",310,334,294.70782912556325,74.70782912556325,1
"11,13,15",310,334,289.90654985765616,69.90654985765616,1
"11,13,15",309,334,285.88918684814445,65.88918684814445,1
"11,13,15",308,333,279.82702151694707,59.82702151694707,1
"11,13,15",307,333,272.0989059332036,52.09890593320358,1
"11,13,15",305,333,267.3186697173788,47.31866971737878,1
"11,13,15",305,333,261.2525379141059,41.252537914105915,1
"11,13,15",304,333,255.03390460362328,35.033904603623284,1
"11,13,15",303,332,249.07293692024905,29.07293692024905,1
"11,13,15",303,332,239.66904131625446,19.669041316254464,1
"11,13,15",303,332,232.99636004281288,12.996360042812881,1
"11,13,15",302,331,226.38822187356328,6.388221873563282,1
"11,13,15",302,330,219.88407260116819,0.0,1
"11,13,15",301,328,212.58528874477219,0.0,1
"11,13,15",301,327,207.72619072468368,0.0,1
"11,13,15",300,327,199.284583509022,0.0,1
"11,13,15",298,327,193.8531784229414,0.0,1
"11,13,15",296,326,188.04550590587405,0.0,1
"11,13,15",295,325,184.75646263066594,0.0,1
"11,13,15",295,326,179.46802104858847,0.0,1
"11,13,15",295,324,175.97173633351488,0.0,1
"11,13,15",293,324,176.16447897905888,0.0,1
"11,13,15",290,324,175.34782596480764,0.0,1
"11,13,15",290,324,174.43422584974698,0.0,1
"11,13,15",289,324,174.94113818073743,0.0,1
"11,13,15",288,324,175.75886256544888,0.0,1
"11,13,15",288,324,176.26860300083956,0.0,1
"11,13,15",289,324,176.52610480318472,0.0,1
"11,13,15",289,322,178.91604149200612,0.0,1
"11,13,15",289,321,180.8053563543658,0.0,1
"11,13,15",289,321,181.47346300154746,0.0,1
"11,13,15",289,321,181.80307975493963,0.0,1
"11,13,15",289,321,182.18463067844434,0.0,1
"11,13,15",289,322,184.11877217499156,0.0,1
"11,13,15",290,324,185.29910067629075,0.0,1
"11,13,15",290,326,185.88827685633896,0.0,1
"11,13,15",291,326,184.89378168321986,0.0,1
"11,13,15",291,326,184.02041170278028,0.0,1
"11,13,15",291,326,184.03323162486055,0.0,1
"11,13,15",292,326,184.6941080118614,0.0,1
"11,13,15",292,326,185.01681508311466,0.0,1
"11,13,15",293,326,184.5546846571539,0.0,1
"11,13,15",294,326,183.77085883742228,0.0,1
"11,13,15",294,326,183.85753339658206,0.0,1
"11,13,15",295,326,182.8980803098441,0.0,1
"11,13,15",295,326,182.00259913554262,0.0,1
"11,13,15",295,326,182.31706238587134,0.0,1
"11,13,15",295,326,180.99061751095698,0.0,1
"11,13,15",295,326,180.05058369712413,0.0,1
"11,13,15",295,326,180.54495075343115,0.0,1
"11,13,15",295,326,180.52847163741725,0.0,1
"11,13,15",294,327,181.05050519784558,0.0,1
"11,13,15",294,327,181.1479766184528,0.0,1
"11,13,15",294,327,181.80628758927236,0.0,1
"11,13,15",294,328,181.4809487600806,0.0,1
"11,13,15",294,328,182.1435087128756,0.0,1
"11,13,15",294,328,181.86535589281513,0.0,1
"11,13,15",294,327,181.75794718044364,0.0,1
"11,13,15",294,327,182.1014004080683,0.0,1
"11,13,15",294,327,181.99456930124182,0.0,1
"11,13,15",294,327,182.65923305713756,0.0,1
"11,13,15",295,326,183.0342614446433,0.0,1
"11,13,15",296,325,182.76471405499763,0.0,1
"11,13,15",298,325,182.16496612172818,0.0,1
"11,13,15",299,324,182.497378839658,0.0,1
"11,13,15",301,324,182.20275093747432,0.0,1
"11,13,15",302,323,181.7439455652855,0.0,1
"11,13,15",302,323,182.1621283606422,0.0,1
"11,13,15",303,323,181.76134710170203,0.0,1
"11,13,15",304,323,181.4792700782091,0.0,1
"11,13,15",305,323,181.13891138416102,0.0,1
"11,13,15",306,324,180.73439346962843,0.0,1
"11,13,15",306,324,181.39295986316918,0.0,1
"11,13,15",306,324,181.5223354361775,0.0,1
"11,13,15",307,324,181.18465129035002,0.0,1
"11,13,15",307,324,181.32127286035737,0.0,1
"11,13,15",307,323,182.18762910859505,0.0,1
"11,13,15",307,323,182.85073799476993,0.0,1
"11,13,15",308,323,181.86018340152094,0.0,1
"11,13,15",308,324,182.25553017041054,0.0,1
"11,13,15",308,324,182.11222466349764,0.0,1
"11,13,15",308,324,182.55307277185196,0.0,1
"11,13,15",308,324,182.9297662831426,0.0,1
"11,13,15",308,323,183.12339462466105,0.0,1
"11,13,15",308,323,183.45256520148195,0.0,1
"11,13,15",308,323,182.7671194768857,0.0,1
"11,13,15",308,322,182.80928816907866,0.0,1
"11,13,15",308,322,181.80721929697165,0.0,1
"11,13,15",309,322,181.27556631896545,0.0,1
"11,13,15",309,322,180.84115003054586,0.0,1
"11,13,15",309,322,180.46108409930918,0.0,1
"11,13,15",309,321,179.88761748562496,0.0,1
"11,13,15",308,321,179.83601710626488,0.0,1
"11,13,15",308,321,179.50190589608198,0.0,1
"11,13,15",308,321,179.58291757305554,0.0,1
"11,13,15",308,321,179.5431177881864,0.0,1
"11,13,15",308,321,179.91797726683666,0.0,1
"11,13,15",307,321,181.19308992475592,0.0,1
"11,13,15",307,321,181.62118248306223,0.0,1
"11,13,15",307,321,182.29231197253765,0.0,1
"11,13,15",307,321,183.35255320171305,0.0,1
"11,13,15",307,321,184.2366806177153,0.0,1
"11,13,15",308,322,185.34374742917942,0.0,1
"11,13,15",309,323,187.3940086425983,0.0,1
"11,13,15",310,323,189.0252256411982,0.0,1
"11,13,15",313,323,191.0869407630266,0.0,1
"11,13,15",315,322,194.03670593345703,0.0,1
"11,13,15",317,322,197.6788173541573,0.0,1
"11,13,15",321,321,202.34512078058938,0.0,1
"11,13,15",324,321,206.2645915962383,0.0,1
"11,13,15",326,321,212.25982003009068,0.0,1
"11,13,15",328,319,221.35267414927432,1.3526741492743213,1
"11,13,15",328,319,230.72818122383273,10.728181223832735,1
"11,13,15",328,319,242.0366408022542,22.036640802254198,1
"11,13,15",329,318,249.08292633070755,29.08292633070755,1
"11,13,15",330,318,256.64342452297143,36.64342452297143,1
"11,13,15",331,318,264.76846492884744,44.768464928847436,1
"11,13,15",332,319,272.23573271185137,52.23573271185137,1
"11,13,15",334,319,278.92394666778694,58.923946667786936,1
"11,13,15",335,319,283.403546184113,63.403546184113,1
"11,13,15",336,319,287.18958455615365,67.18958455615365,1
"11,13,15",337,319,291.75631385532006,71.75631385532006,1
"11,13,15",337,319,296.4312202994904,76.4312202994904,1
"11,13,15",337,319,299.9628768836391,79.96287688363913,1
"11,13,15",337,317,302.54683545617274,82.54683545617274,1
"11,13,15",337,316,305.3571268785565,85.35712687855653,1
"11,13,15",337,314,308.506055029368,88.50605502936799,1
"11,13,15",337,312,311.0827281976678,91.08272819766779,1
"11,13,15",337,311,314.4530489605382,94.45304896053818,1
"11,13,15",337,311,317.1217685904213,97.12176859042131,1
"11,13,15",337,311,319.3019967140536,99.30199671405359,1
"11,13,15",337,311,320.15785324751766,100.0,1
"11,13,15",337,311,321.40648325805444,100.0,1
"11,13,15",337,311,323.540030805307,100.0,1
"11,13,15",337,310,324.08797079164214,100.0,1
"11,13,15",337,310,324.18869576173677,100.0,1
"11,13,15",337,310,323.90486462400327,100.0,1
"11,13,15",337,310,324.62451000932515,100.0,1
"11,13,15",337,310,324.2460264612868,100.0,1
"11,13,15",337,310,323.868841335686,100.0,1
"11,13,15",335,309,323.87021231620497,100.0,1
"11,13,15",335,309,321.17768127868806,100.0,1
"11,13,15",334,310,320.07279276067663,100.0,1
"11,13,15",335,310,316.8243089258036,96.82430892580362,1
"11,13,15",335,311,313.2984835024023,93.29848350240229,1
"11,13,15",336,313,309.2417665226665,89.24176652266652,1
"11,13,15",337,317,304.8596962906257,84.85969629062572,1
"11,13,15",338,318,300.36907092530095,80.36907092530095,1
"11,13,15",338,318,294.2755123759279,74.27551237592792,1
"11,13,15",338,318,288.89202490684903,68.89202490684903,1
"11,13,15",336,318,283.57689189181593,63.57689189181593,1
"11,13,15",335,318,277.5450459615901,57.54504596159012,1
"11,13,15",334,318,269.9280204153632,49.92802041536322,1
"11,13,15",333,318,264.6131830488517,44.61318304885168,1
"11,13,15",333,318,258.9599121971612,38.9599121971612,1
"11,13,15",332,318,253.35112777780304,33.35112777780304,1
"11,13,15",331,318,245.5377954103122,25.537795410312214,1
"11,13,15",330,318,237.43044595254034,17.43044595254034,1
"11,13,15",329,318,232.49702558272486,12.49702558272486,1
"11,13,15",328,319,225.49735674518743,5.497356745187432,1
"11,13,15",326,319,219.7895342080676,0.0,1
"11,13,15",326,318,213.66112539364784,0.0,1
"11,13,15",324,318,208.1892505129491,0.0,1
"11,13,15",324,318,204.80488123652356,0.0,1
"11,13,15",323,318,200.6217919586377,0.0,1
"11,13,15",321,319,198.7198866942688,0.0,1
"11,13,15",320,319,195.94016607062807,0.0,1
"11,13,15",317,319,193.28185990875537,0.0,1
"11,13,15",316,319,191.5324854143974,0.0,1
"11,13,15",316,317,189.8131208166464,0.0,1
"11,13,15",316,317,189.00329339850484,0.0,1
"11,13,15",316,316,186.648867545212,0.0,1
"11,13,15",316,316,185.96683674204397,0.0,1
"11,13,15",316,316,185.3491509867004,0.0,1
"11,13,15",315,317,183.85419727672215,0.0,1
"11,13,15",314,317,184.77042035107263,0.0,1
"11,13,15",315,317,184.66112938055153,0.0,1
"11,13,15",315,317,185.44410306144124,0.0,1
"11,13,15",315,317,185.14518792968474,0.0,1
"11,13,15",316,318,185.20718827576678,0.0,1
"11,13,15",316,318,185.48559123294805,0.0,1
"11,13,15",316,319,185.7957852592442,0.0,1
"11,13,15",316,319,185.8532852436047,0.0,1
"11,13,15",316,319,186.10508916756035,0.0,1
"11,13,15",316,320,186.08007279679805,0.0,1
"11,13,15",316,320,186.94389225409964,0.0,1
"11,13,15",318,320,187.22815349414483,0.0,1
"11,13,15",318,321,187.84218361081167,0.0,1
"11,13,15",318,321,187.36921638120063,0.0,1
"11,13,15",319,321,186.39496541067228,0.0,1
"11,13,15",319,321,186.63833423209903,0.0,1
"11,13,15",319,321,186.63833423209903,0.0,1
"11,13,15",319,321,186.956412164773,0.0,1
"11,13,15",320,320,186.55221650253168,0.0,1
"11,13,15",321,320,186.1058351138401,0.0,1
"11,13,15",321,321,186.06182179866724,0.0,1
"11,13,15",321,321,185.41818167066629,0.0,1
"11,13,15",322,321,185.0416223130306,0.0,1
"11,13,15",322,321,185.0416223130306,0.0,1
"11,13,15",323,321,185.35641100910098,0.0,1
"11,13,15",323,321,185.11717390337267,0.0,1
"11,13,15",323,321,185.24180262642764,0.0,1
"11,13,15",323,321,184.60310109172516,0.0,1
"11,13,15",323,321,184.62489096814278,0.0,1
"11,13,15",323,321,184.1025682725175,0.0,1
"11,13,15",322,321,184.54020524310872,0.0,1
"11,13,15",322,321,184.2162871493396,0.0,1
"11,13,15",322,321,184.1475917828534,0.0,1
"11,13,15",322,321,183.82464153864473,0.0,1
"11,13,15",322,322,183.56612289744976,0.0,1
"11,13,15",322,322,183.88772716060183,0.0,1
"11,13,15",322,322,183.88772716060183,0.0,1
"11,13,15",322,322,184.5352707298999,0.0,1
"11,13,15",322,322,184.5352707298999,0.0,1
"11,13,15",322,322,184.20980662482958,0.0,1
"11,13,15",323,322,183.88772716060183,0.0,1
"11,13,15",323,322,184.42757699755717,0.0,1
"11,13,15",324,322,184.1037072212529,0.0,1
"11,13,15",324,322,184.1037072212529,0.0,1
"11,13,15",324,323,183.84726616083762,0.0,1
"11,13,15",324,323,183.84726616083762,0.0,1
"11,13,15",324,323,183.84726616083762,0.0,1
"11,13,15",325,323,183.52438236437027,0.0,1
"11,13,15",326,323,183.13507511944678,0.0,1
"11,13,15",326,323,183.13507511944678,0.0,1
"11,13,15",326,323,183.02047985425492,0.0,1
"11,13,15",326,322,183.0688809821054,0.0,1
"11,13,15",327,322,183.43795914602592,0.0,1
"11,13,15",327,322,183.71500244211114,0.0,1
"11,13,15",327,323,183.45801176449646,0.0,1
"11,13,15",327,324,183.64155793728662,0.0,1
"11,13,15",327,325,182.93326393468902,0.0,1
"11,13,15",325,325,183.29669136544388,0.0,1
"11,13,15",324,325,183.23689084962257,0.0,1
"11,13,15",322,325,182.86499496990695,0.0,1
"11,13,15",319,324,182.80892127863254,0.0,1
"11,13,15",318,324,181.80091444950932,0.0,1
"11,13,15",317,324,181.05999804459879,0.0,1
"11,13,15",316,323,181.00188146815736,0.0,1
"11,13,15",315,323,180.98335313630758,0.0,1
"11,13,15",315,322,180.60638540419058,0.0,1
"11,13,15",314,322,180.23619686672453,0.0,1
"11,13,15",313,322,180.27917811674345,0.0,1
"11,13,15",312,322,180.95314664135753,0.0,1
"11,13,15",311,322,180.68465892157164,0.0,1
"11,13,15",309,322,181.00856839627363,0.0,1
"11,13,15",308,322,182.08274125497434,0.0,1
"11,13,15",306,321,184.87894573812846,0.0,1
"11,13,15",305,320,186.99441727303338,0.0,1
"11,13,15",305,320,188.94345732658633,0.0,1
"11,13,15",305,321,189.82142804876298,0.0,1
"11,13,15",305,321,193.06178129934872,0.0,1
"11,13,15",306,321,195.6015260232448,0.0,1
"11,13,15",307,321,200.41916724328982,0.0,1
"11,13,15",309,321,205.37286859294505,0.0,1
"11,13,15",311,321,210.53684354165884,0.0,1
"11,13,15",314,321,215.54575027294948,0.0,1
"11,13,15",317,321,224.2083840783804,4.208384078380391,1
"11,13,15",319,321,234.98211076547497,14.982110765474971,1
"11,13,15",320,321,244.01271181645006,24.012711816450064,1
"11,13,15",321,321,250.0380952029828,30.038095202982788,1
"11,13,15",322,321,259.1520522013585,39.152052201358515,1
"11,13,15",322,321,264.5393961447948,44.53939614479481,1
"11,13,15",323,322,270.6931566721572,50.693156672157215,1
"11,13,15",323,323,277.8766126379399,57.8766126379399,1
"11,13,15",324,323,282.8473566164404,62.84735661644038,1
"11,13,15",324,324,286.6133175978616,66.61331759786162,1
"11,13,15",324,324,289.151950464362,69.15195046436202,1
"11,13,15",324,324,290.6098343450465,70.60983434504652,1
"11,13,15",325,324,293.3807818081379,73.3807818081379,1
"11,13,15",325,324,297.09832572793323,77.09832572793323,1
"11,13,15",325,325,299.5023842552333,79.50238425523332,1
"11,13,15",325,325,302.2074897283136,82.20748972831359,1
"11,13,15",325,324,304.74642209154877,84.74642209154877,1
"11,13,15",326,322,308.2559109938133,88.2559109938133,1
"11,13,15",326,321,309.265935121864,89.265935121864,1
"11,13,15",326,320,310.90021582515215,90.90021582515215,1
"11,13,15",326,320,315.2808084335767,95.28080843357668,1
"11,13,15",326,320,318.8703233798282,98.87032337982822,1
"11,13,15",326,320,321.6302252107278,100.0,1
"11,13,15",326,319,320.95796559278307,100.0,1
"11,13,15",326,319,321.87728933814293,100.0,1
"11,13,15",326,319,322.4317669695341,100.0,1
"11,13,15",327,319,322.2336983155217,100.0,1
"11,13,15",328,320,322.18322402902544,100.0,1
"11,13,15",329,321,321.6689415681316,100.0,1
"11,13,15",329,321,322.17241228846893,100.0,1
"11,13,15",328,321,322.2226011785554,100.0,1
"11,13,15",328,321,319.58891238143315,99.58891238143315,1
"11,13,15",328,322,315.41322674194384,95.41322674194384,1
"11,13,15",328,324,311.4159614729026,91.41596147290261,1
"11,13,15",328,327,308.5603579293518,88.56035792935182,1
"11,13,15",327,332,306.35306829204694,86.35306829204694,1
"11,13,15",327,332,302.72187808745775,82.72187808745775,1
"11,13,15",327,333,299.012649667098,79.012649667098,1
"11,13,15",326,333,293.70008074588134,73.70008074588134,1
"11,13,15",326,333,288.4618861878922,68.46188618789222,1
"11,13,15",325,333,282.46738360523574,62.46738360523574,1
"11,13,15",324,333,276.043709116573,56.043709116572984,1
"11,13,15",323,334,269.07349484235044,49.07349484235044,1
"11,13,15",322,334,260.9522454694729,40.95224546947293,1
"11,13,15",321,333,254.70235151255451,34.702351512554515,1
"11,13,15",319,333,249.77994881761387,29.77994881761387,1
"11,13,15",318,333,239.8943601192985,19.89436011929851,1
"11,13,15",318,333,233.5069474809559,13.506947480955887,1
"11,13,15",318,333,228.36533098508312,8.36533098508312,1
"11,13,15",316,332,221.08423429726085,1.0842342972608492,1
"11,13,15",315,331,216.154678680009,0.0,1
"11,13,15",314,331,210.5774889213664,0.0,1
"11,13,15",312,330,204.3923189433034,0.0,1
"11,13,15",311,330,199.9148508604188,0.0,1
"11,13,15",310,330,196.32361260099916,0.0,1
"11,13,15",309,330,192.9439799163399,0.0,1
"11,13,15",308,328,189.61025334123465,0.0,1
"11,13,15",307,328,186.36158326709662,0.0,1
"11,13,15",307,327,185.4310650901817,0.0,1
"11,13,15",306,327,183.9831715775118,0.0,1
"11,13,15",306,326,181.60313113006512,0.0,1
"11,13,15",306,325,181.02456249170777,0.0,1
"11,13,15",305,325,182.12468818317888,0.0,1
"11,13,15",305,325,182.73247675542154,0.0,1
"11,13,15",304,326,183.30351212853628,0.0,1
"11,13,15",304,326,183.13729352449317,0.0,1
"11,13,15",304,327,183.12397228100426,0.0,1
"11,13,15",304,327,183.430165084047,0.0,1
"11,13,15",304,327,183.66949892613832,0.0,1
"11,13,15",304,327,183.15083697424873,0.0,1
"11,13,15",304,327,182.35407304237305,0.0,1
"11,13,15",304,327,181.70386208581527,0.0,1
"11,13,15",305,327,181.51085914814436,0.0,1
"11,13,15",305,327,182.01353458483044,0.0,1
"11,13,15",305,327,183.08567246992416,0.0,1
"11,13,15",306,327,184.07964000819706,0.0,1
"11,13,15",306,327,184.49218696511124,0.0,1
"11,13,15",306,328,184.40369975696277,0.0,1
"11,13,15",306,328,184.78875430670067,0.0,1
"11,13,15",306,328,185.5900135263977,0.0,1
"11,13,15",307,329,185.36797876293844,0.0,1
"11,13,15",306,329,185.68174540369213,0.0,1
"11,13,15",306,329,185.51713597898808,0.0,1
"11,13,15",306,329,185.51713597898808,0.0,1
"11,13,15",306,329,185.37000847530084,0.0,1
"11,13,15",306,329,186.0594866273734,0.0,1
"11,13,15",306,329,186.11508271011783,0.0,1
"11,13,15",306,329,185.1038598172103,0.0,1
"11,13,15",306,329,184.76463223028168,0.0,1
"11,13,15",306,329,184.40314447945502,0.0,1
"11,13,15",306,329,183.69062167415612,0.0,1
"11,13,15",307,329,184.00956616144396,0.0,1
"11,13,15",307,329,184.52220842613102,0.0,1
"11,13,15",308,329,184.5191106893451,0.0,1
"11,13,15",309,329,184.32141319652374,0.0,1
"11,13,15",309,329,184.19946225587472,0.0,1
"11,13,15",310,328,184.40441246493717,0.0,1
"11,13,15",311,328,184.73018591724417,0.0,1
"11,13,15",312,327,184.77898149351816,0.0,1
"11,13,15",314,327,184.12032699132803,0.0,1
"11,13,15",315,327,183.7918883674575,0.0,1
"11,13,15",315,327,183.66198202407526,0.0,1
"11,13,15",315,327,183.15436677537483,0.0,1
"11,13,15",316,327,182.69066012620425,0.0,1
"11,13,15",316,327,182.69066012620425,0.0,1
"11,13,15",318,327,182.0221893585134,0.0,1
"11,13,15",319,327,182.34277986826427,0.0,1
"11,13,15",320,327,182.0096219515482,0.0,1
"11,13,15",320,327,181.93657647443428,0.0,1
"11,13,15",320,326,181.93657647443428,0.0,1
"11,13,15",320,325,182.0734034928781,0.0,1
"11,13,15",320,325,182.14726994896301,0.0,1
"11,13,15",319,325,182.94464624088437,0.0,1
"11,13,15",318,325,183.08210589484102,0.0,1
"11,13,15",316,325,183.77266285823646,0.0,1
"11,13,15",314,326,183.8719431864372,0.0,1
"11,13,15",311,326,184.23498686738415,0.0,1
"11,13,15",308,327,184.5168164627133,0.0,1
"11,13,15",306,327,183.9057459316239,0.0,1
"11,13,15",304,327,183.97460608524298,0.0,1
"11,13,15",304,327,183.62662679784492,0.0,1
"11,13,15",302,327,184.01283747957834,0.0,1
"11,13,15",302,327,183.04849162461386,0.0,1
"11,13,15",301,327,183.03024457766344,0.0,1
"11,13,15",300,327,182.68575144780638,0.0,1
"11,13,15",299,327,182.34077772382406,0.0,1
"11,13,15",298,327,181.66960582274632,0.0,1
"11,13,15",298,327,181.10717982750003,0.0,1
"11,13,15",296,327,181.5623328711205,0.0,1
"11,13,15",295,325,182.2642969481661,0.0,1
"11,13,15",296,325,182.2950294787448,0.0,1
"11,13,15",295,325,184.2011165547028,0.0,1
"11,13,15",295,326,184.6258838859083,0.0,1
"11,13,15",294,326,188.1775926534273,0.0,1
"11,13,15",294,326,191.8066758693519,0.0,1
"11,13,15",294,326,195.39080417458771,0.0,1
"11,13,15",295,326,198.77710894540803,0.0,1
"11,13,15",297,326,203.82195399850477,0.0,1
"11,13,15",301,326,207.98869552573888,0.0,1
"11,13,15",304,326,212.49572622148528,0.0,1
"11,13,15",305,326,217.93049682304996,0.0,1
"11,13,15",307,326,227.00486790413854,7.0048679041385356,1
"11,13,15",309,327,234.72002094174906,14.720020941749056,1
"11,13,15",310,326,244.4097936405416,24.409793640541608,1
"11,13,15",312,327,251.24541276637584,31.245412766375836,1
"11,13,15",312,327,258.53604698430746,38.53604698430746,1
"11,13,15",313,326,265.74515733965563,45.745157339655634,1
"11,13,15",315,326,271.33877206145877,51.33877206145877,1
"11,13,15",315,326,276.6154540492935,56.615454049293476,1
"11,13,15",317,327,282.7841960858943,62.78419608589428,1
"11,13,15",319,327,286.63175084321165,66.63175084321165,1
"11,13,15",319,327,288.92636570267996,68.92636570267996,1
"11,13,15",320,327,291.45924197922454,71.45924197922454,1
"11,13,15",320,327,294.2689909683534,74.26899096835342,1
"11,13,15",320,327,297.1168759768612,77.1168759768612,1
"11,13,15",320,327,299.9054186792204,79.90541867922042,1
"11,13,15",320,327,303.1276657652971,83.12766576529708,1
"11,13,15",320,327,305.3855335353596,85.38553353535963,1
"11,13,15",319,327,308.4265693285739,88.42656932857392,1
"11,13,15",319,326,311.7168021389398,91.71680213893978,1
"11,13,15",319,326,314.67387233944027,94.67387233944027,1
"11,13,15",319,325,317.6516904044046,97.65169040440458,1
"11,13,15",319,323,320.57404844283633,100.0,1
"11,13,15",318,321,323.082159927214,100.0,1
"11,13,15",318,321,324.1619457557595,100.0,1
"11,13,15",318,321,325.99877179575367,100.0,1
"11,13,15",318,323,326.28710806954854,100.0,1
"11,13,15",319,324,326.7504185310194,100.0,1
"11,13,15",319,323,325.3550372812555,100.0,1
"11,13,15",319,324,325.4137587327499,100.0,1
"11,13,15",319,325,324.9720803468978,100.0,1
"11,13,15",319,326,324.7843731694737,100.0,1
"11,13,15",319,328,323.3593988969583,100.0,1
"11,13,15",319,328,318.97679301812195,98.97679301812195,1
"11,13,15",319,329,314.55034902161213,94.55034902161213,1
"11,13,15",319,332,310.16705920744266,90.16705920744266,1
"11,13,15",319,334,306.20731498465807,86.20731498465807,1
"11,13,15",319,336,302.35238627397575,82.35238627397575,1
"11,13,15",319,337,297.3193875921166,77.31938759211658,1
"11,13,15",318,337,291.5341780199515,71.53417801995153,1
"11,13,15",318,338,286.32786251442184,66.32786251442184,1
"11,13,15",318,339,280.1718311963002,60.17183119630022,1
"11,13,15",318,339,272.9605357184869,52.96053571848688,1
"11,13,15",318,339,266.6335393365702,46.63353933657021,1
"11,13,15",317,339,261.5404968653572,41.54049686535723,1
"11,13,15",317,339,254.91472672542244,34.91472672542244,1
"11,13,15",316,339,249.94976312860334,29.949763128603337,1
"11,13,15",316,338,238.2638461659658,18.263846165965788,1
"11,13,15",315,337,234.4970454672929,14.497045467292907,1
"11,13,15",315,336,230.78751648096176,10.787516480961756,1
"11,13,15",315,335,226.16458523941068,6.164585239410684,1
"11,13,15",315,335,217.706072885955,0.0,1
"11,13,15",315,335,211.034344846524,0.0,1
"11,13,15",315,335,205.06654466375502,0.0,1
"11,13,15",314,335,198.43091191885534,0.0,1
"11,13,15",314,335,193.88941389070013,0.0,1
"11,13,15",312,334,190.15153597036033,0.0,1
"11,13,15",311,333,186.50824338072172,0.0,1
"11,13,15",311,332,183.32014889101663,0.0,1
"11,13,15",309,331,181.38566397918626,0.0,1
"11,13,15",309,331,180.11675634000272,0.0,1
"11,13,15",309,330,179.99599596216362,0.0,1
"11,13,15",309,329,179.4092225868549,0.0,1
"11,13,15",309,329,179.15301552182444,0.0,1
"11,13,15",308,328,178.39679461066572,0.0,1
"11,13,15",308,328,178.29207847677174,0.0,1
"11,13,15",308,327,178.88663853818588,0.0,1
"11,13,15",308,327,179.89321730118715,0.0,1
"11,13,15",308,327,180.19091451580343,0.0,1
